GROUP,PACKAGE,CLASS,INSTRUCTION_MISSED,INSTRUCTION_COVERED,BRANCH_MISSED,BRANCH_COVERED,LINE_MISSED,LINE_COVERED,COMPLEXITY_MISSED,COMPLEXITY_COVERED,METHOD_MISSED,METHOD_COVERED
pensionerDetailsMicroservice,com.pensionerDetailsMicroservice.Exception,AadharNumberNotFoundException,0,4,0,0,0,2,0,1,0,1
pensionerDetailsMicroservice,com.pensionerDetailsMicroservice.Exception,GlobalExceptionHandler,0,49,0,0,0,13,0,3,0,3
pensionerDetailsMicroservice,com.pensionerDetailsMicroservice.Service,PensionerdetailService,5,92,1,3,1,14,1,3,0,2
pensionerDetailsMicroservice,com.pensionerDetailsMicroservice.Model,Bank,2,148,1,23,0,7,1,22,0,11
pensionerDetailsMicroservice,com.pensionerDetailsMicroservice.Model,CustomErrorResponse,2,198,1,37,0,8,1,31,0,13
pensionerDetailsMicroservice,com.pensionerDetailsMicroservice.Model,PensionerDetail,2,305,1,49,0,11,1,43,0,19
pensionerDetailsMicroservice,com.pensionerDetailsMicroservice.Util,DateUtil,0,13,0,0,0,3,0,1,0,1
pensionerDetailsMicroservice,com.pensionerDetailsMicroservice,PensionerDetailsMicroserviceApplication,0,8,0,0,0,3,0,2,0,2
pensionerDetailsMicroservice,com.pensionerDetailsMicroservice.config,SwaggerConfig,0,24,0,0,0,8,0,3,0,3
pensionerDetailsMicroservice,com.pensionerDetailsMicroservice.Controller,PensionerDetailsController,5,40,1,1,1,7,1,3,0,3
